,train,val,test,total,table1,khớp_table1,tỉ_lệ_train/val/test
Chinee Apple,675,225,226,1126,1125,False,0.599/0.200/0.201
Lantana,637,213,213,1063,1064,False,0.599/0.200/0.200
Parkinsonia,618,206,207,1031,1031,True,0.599/0.200/0.201
Parthenium,613,204,205,1022,1022,True,0.600/0.200/0.201
Prickly Acacia,637,212,213,1062,1062,True,0.600/0.200/0.201
Rubber Vine,605,202,202,1009,1009,True,0.600/0.200/0.200
Siam Weed,644,215,215,1074,1074,True,0.600/0.200/0.200
Snake Weed,609,203,204,1016,1016,True,0.599/0.200/0.201
Negatives,5463,1821,1822,9106,9106,True,0.600/0.200/0.200
