epoch,train_loss,val_loss,val_macro_f1,val_top1,lr_end,epoch_time_s
1,0.8888533987650057,0.6338262557983398,0.7599246488928116,0.7769208797486432,0.0001,54.10623079900006
2,0.4229725966366326,0.4533388018608093,0.8217364100205438,0.8369037417880606,9.797464868072488e-05,53.425405388999934
3,0.3360060104963983,0.4897806942462921,0.8366600082005378,0.8334761496715224,9.206267664155907e-05,53.212217978000126
4,0.25783517520602156,0.45479321479797363,0.8382212501703743,0.8497572122250785,8.274303669726426e-05,53.076928855999995
5,0.2257591180230786,0.31532034277915955,0.8930064679529335,0.902027992002285,7.077075065009433e-05,53.04487529899984
6,0.17883712512145683,0.20286056399345398,0.9349492224911552,0.9443016281062554,5.7115741913664264e-05,52.88358841699983
7,0.1359882791095027,0.18228930234909058,0.9372664602987406,0.9494430162810625,4.288425808633575e-05,52.83475441099995
8,0.11277657307161973,0.1428922861814499,0.9539334065205795,0.9634390174235933,2.9229249349905684e-05,52.70956125700013
9,0.08382108702506053,0.19079957902431488,0.9428836800500991,0.9505855469865753,1.725696330273575e-05,52.62100106800017
10,0.07172948685928998,0.12574255466461182,0.9643139991267416,0.9720079977149386,7.937323358440935e-06,52.64517574000001
11,0.05257574093624631,0.1274382770061493,0.961557846494386,0.9705798343330477,2.0253513192751373e-06,52.673283471000104
12,0.04245404266005541,0.12348435819149017,0.9655275132086173,0.9740074264495858,0.0,52.66900108200025
