exp_id,method,model,K,val_macro_f1,val_top1,val_ece,p50_ms,p95_ms,p99_ms,note,cost_vs_I00
I00,1 view (center crop 224),T03,1,0.9699534250973776,0.9780062839188803,0.012703363146237904,5.496727999911855,9.157523999806472,9.173682170148822,,1.0
I01,TTA flip K=2 (gộp prob),T03,2,0.9714756226241528,0.9788631819480148,0.010689288762103472,11.372192499948142,11.886639650083453,12.716722480154205,,2.068902172370637
I03a,TTA flip K=2 (gộp logit),T03,2,0.9714756226241528,0.9788631819480148,0.01235279719508628,11.372192499948142,11.886639650083453,12.716722480154205,,2.068902172370637
I02a,TTA 5crop K=5 (gộp prob),T03,5,0.9709420985309253,0.9785775492716366,0.010498080187783712,27.592312499905347,29.88629175004007,38.91037432009626,,5.019770398016386
I02a-logit,TTA 5crop K=5 (gộp logit),T03,5,0.9706436263548368,0.9782919165952585,0.012743797316151467,27.592312499905347,29.88629175004007,38.91037432009626,,5.019770398016386
I02b,TTA 5crop+flip K=10 (gộp prob),T03,10,0.9739968130415496,0.9808626106826621,0.007384057476688697,55.11201700005586,56.88276844983875,59.1611004400761,,10.026331483191388
I02b-logit,TTA 5crop+flip K=10 (gộp logit),T03,10,0.9739968130415496,0.9808626106826621,0.01130047006019137,55.11201700005586,56.88276844983875,59.1611004400761,,10.026331483191388
I04-256,Độ phân giải kiểm tra 256 (resize toàn ảnh),T03,1,0.9743783467719653,0.9808626106826621,0.010709235757970994,6.246106500043425,10.142713250104407,10.173926420027328,,1.1363317413820708
I04-288,Độ phân giải kiểm tra 288 (resize toàn ảnh),T03,1,0.9735402067994197,0.9797200799771494,0.011035110727621679,7.676748999983829,12.446613750057622,12.474685719844274,,1.396603397531574
I04-320,Độ phân giải kiểm tra 320 (resize toàn ảnh),T03,1,0.9727099854805695,0.9785775492716366,0.010430605422036238,9.427979499832873,9.676130949719663,14.552245889917685,,1.715198478073512
I05,Ensemble T03+T02+T05 (TB xác suất),T03,3,0.9737835075025324,0.9808626106826621,0.028643987646229267,16.76985049994073,18.142223850304617,19.189477110380725,độ trễ = tổng độ trễ từng mô hình,3.0508787227982994
I07,Temperature scaling T=1.666 (khớp trên val),T03,1,0.9699534250973776,0.9780062839188803,0.0037255305814651533,5.496727999911855,9.157523999806472,9.173682170148822,in-sample trên val; xem I07-cv cho ước lượng không thiên lệch,1.0
I07-cv,"Temperature scaling, 2-fold trên val",T03,1,,,0.0064880055649305475,,,,"ECE trước=0.0137, T các fold=[1.62, 1.709]",
I08-fp32,FP32 thuần (không autocast),T03,1,0.9699534250973776,0.9780062839188803,0.012700297500968922,5.496727999911855,9.157523999806472,9.173682170148822,,1.0
I08-amp,AMP (autocast fp16),T03,1,0.9699534250973776,0.9780062839188803,0.012703363146237904,7.673869499967623,8.179181349782993,8.386758279793872,,1.3960795404267194
I08-fp16,FP16 (model.half()),T03,1,0.9699534250973776,0.9780062839188803,0.012705949858736815,5.581468000173118,6.01957925014176,6.220712570025173,,1.015416444157801
