gpu,dtype,batch,img_size,fused_bn,p50,p95,p99,images_per_s,torch,config
Tesla T4,fp32,1,224,False,5.496727999911855,9.157523999806472,9.173682170148822,181.92641149717358,2.11.0+cu128,I00 fp32 224
Tesla T4,fp32,32,224,False,129.48916250002185,132.1602180999662,132.53755751004746,247.12492831200913,2.11.0+cu128,I00 fp32 224
Tesla T4,fp32,1,256,False,6.246106500043425,10.142713250104407,10.173926420027328,160.09973573025815,2.11.0+cu128,I04 fp32 256
Tesla T4,fp32,32,256,False,166.06411599991588,169.53729935000865,171.21939181003881,192.69665699491762,2.11.0+cu128,I04 fp32 256
Tesla T4,fp32,1,288,False,7.676748999983829,12.446613750057622,12.474685719844274,130.26347481233353,2.11.0+cu128,I04 fp32 288
Tesla T4,fp32,32,288,False,222.42852600004426,223.60071655006095,224.11385532996746,143.8664391454612,2.11.0+cu128,I04 fp32 288
Tesla T4,fp32,1,320,False,9.427979499832873,9.676130949719663,14.552245889917685,106.0672649975243,2.11.0+cu128,I04 fp32 320
Tesla T4,fp32,32,320,False,263.94904499989025,267.5753946500663,268.80077228977825,121.23552104540975,2.11.0+cu128,I04 fp32 320
Tesla T4,amp,1,224,False,7.673869499967623,8.179181349782993,8.386758279793872,130.31235415251967,2.11.0+cu128,I08 amp 224
Tesla T4,amp,32,224,False,48.419332999856124,49.39302014995519,49.731169880096786,660.8930362608482,2.11.0+cu128,I08 amp 224
Tesla T4,fp16,1,224,False,5.581468000173118,6.01957925014176,6.220712570025173,179.1643345386883,2.11.0+cu128,I08 fp16 224
Tesla T4,fp16,32,224,False,38.83832549990984,39.54342949994043,39.649445409786495,823.9284157622677,2.11.0+cu128,I08 fp16 224
