gpu,dtype,batch,img_size,fused_bn,p50,p95,p99,images_per_s,torch,backbone,params_m
Tesla T4,fp32,1,224,False,5.792666999923313,8.238519800033828,8.316724080009408,172.63205359694226,2.11.0+cu128,resnet50,23.526473
Tesla T4,fp32,32,224,False,91.26299350009504,92.08705714977441,92.33587861987417,350.63500300334414,2.11.0+cu128,resnet50,23.526473
Tesla T4,amp,1,224,False,7.1211695001238695,7.550904849745166,7.827442490292932,140.42637237922864,2.11.0+cu128,resnet50,23.526473
Tesla T4,amp,32,224,False,42.012199500049974,42.79172809976899,42.83311022025373,761.6835200442656,2.11.0+cu128,resnet50,23.526473
Tesla T4,fp32,1,224,False,7.734777999985454,8.438026900216755,9.15734622999935,129.28619282956546,2.11.0+cu128,resnext50_32x4d,22.998345
Tesla T4,fp32,32,224,False,172.8103740001643,174.68479534995822,174.80248191023747,185.1740683112553,2.11.0+cu128,resnext50_32x4d,22.998345
Tesla T4,amp,1,224,False,7.117425499927776,7.568099050035926,8.47983943023337,140.50024127546504,2.11.0+cu128,resnext50_32x4d,22.998345
Tesla T4,amp,32,224,False,51.70829949997824,52.42800365003859,52.82499074004136,618.8561664073573,2.11.0+cu128,resnext50_32x4d,22.998345
Tesla T4,fp32,1,224,False,5.544554000152857,9.177187049863278,9.361608460139905,180.35715766722285,2.11.0+cu128,convnext_tiny,27.827049
Tesla T4,fp32,32,224,False,126.48746550007672,127.42287774992747,127.70281124989651,252.98949483639223,2.11.0+cu128,convnext_tiny,27.827049
Tesla T4,amp,1,224,False,7.4906939998982125,7.915049749817626,8.443269630274699,133.4989788681247,2.11.0+cu128,convnext_tiny,27.827049
Tesla T4,amp,32,224,False,48.49977149979168,49.59978439990209,50.05209634973653,659.7969229635949,2.11.0+cu128,convnext_tiny,27.827049
Tesla T4,fp32,1,224,False,5.047940000167728,5.311021550164696,5.561826349680817,198.1006113319043,2.11.0+cu128,deit_small_patch16_224,21.669129
Tesla T4,fp32,32,224,False,103.82453650004209,106.27380655023444,106.50317575000372,308.2123077909144,2.11.0+cu128,deit_small_patch16_224,21.669129
Tesla T4,amp,1,224,False,6.15084800006116,6.659931050103296,7.116479090072975,162.57920858880868,2.11.0+cu128,deit_small_patch16_224,21.669129
Tesla T4,amp,32,224,False,28.854353500037178,29.184991849683684,29.484901579917278,1109.0180897644707,2.11.0+cu128,deit_small_patch16_224,21.669129
Tesla T4,fp32,1,224,False,7.426035499975114,8.202225950412867,8.32560240972272,134.66135463577453,2.11.0+cu128,efficientnet_b0,4.019077
Tesla T4,fp32,32,224,False,37.52954050014523,38.001931400049216,38.13380807989233,852.6616519559084,2.11.0+cu128,efficientnet_b0,4.019077
Tesla T4,amp,1,224,False,10.016447000225526,10.585342100034723,11.240561690360666,99.83580005739405,2.11.0+cu128,efficientnet_b0,4.019077
Tesla T4,amp,32,224,False,21.840211499693396,22.126118100050007,22.453960160173665,1465.1872762518456,2.11.0+cu128,efficientnet_b0,4.019077
Tesla T4,fp32,1,224,False,6.061027499981719,6.5615086499065,6.801937950017418,164.98852711079368,2.11.0+cu128,mobilenetv3_large_100,4.213561
Tesla T4,fp32,32,224,False,21.80575200009116,22.09806885002763,22.105770890252643,1467.502702950406,2.11.0+cu128,mobilenetv3_large_100,4.213561
Tesla T4,amp,1,224,False,7.949806999931752,8.433665450138506,8.781027760069268,125.78921727390173,2.11.0+cu128,mobilenetv3_large_100,4.213561
Tesla T4,amp,32,224,False,12.720714500119357,16.070761799983302,16.26297195017287,2515.5819666968982,2.11.0+cu128,mobilenetv3_large_100,4.213561
