Filename,y_true,pred_seed0,conf_seed0,pred_seed1,conf_seed1,pred_seed2,conf_seed2,n_seeds_wrong,true_name,pred_seed0_name
20170718-133537-2.jpg,0,8,0.99755681,8,0.52141495,8,0.87293534,3,Chinee apple,Negative
20171102-095632-3.jpg,4,8,0.98735008,8,0.81831637,8,0.99106641,3,Prickly acacia,Negative
20170706-113305-0.jpg,7,8,0.9858498,8,0.79913177,8,0.9726894,3,Snake weed,Negative
20171113-101506-1.jpg,5,8,0.98553542,8,0.97330467,8,0.91395998,3,Rubber vine,Negative
20180109-070954-2.jpg,8,6,0.98293007,6,0.96930487,6,0.98452582,3,Negative,Siam weed
20171113-060629-1.jpg,5,8,0.98201798,8,0.72008212,8,0.90466432,3,Rubber vine,Negative
20170711-120643-0.jpg,0,8,0.98128286,8,0.88025101,8,0.57338393,3,Chinee apple,Negative
20170405-160310-0.jpg,8,0,0.97937061,0,0.88840417,0,0.99543917,3,Negative,Chinee apple
20170630-155129-0.jpg,7,8,0.96426778,8,0.93002503,8,0.9910131,3,Snake weed,Negative
20171102-100343-2.jpg,8,4,0.959926,4,0.6422082,4,0.80413482,3,Negative,Prickly acacia
20170718-101135-2.jpg,0,8,0.95850672,8,0.47168766,8,0.99051437,3,Chinee apple,Negative
20170521-153419-0.jpg,1,7,0.94251379,7,0.99361959,7,0.90583689,3,Lantana,Snake weed
20170630-155109-0.jpg,7,8,0.93983542,8,0.5015255,8,0.78978432,3,Snake weed,Negative
20171025-075230-2.jpg,3,0,0.92949453,0,0.90074916,0,0.81348812,3,Parthenium,Chinee apple
20171102-093459-1.jpg,4,2,0.91675718,2,0.78319587,2,0.84935334,3,Prickly acacia,Parkinsonia
20170727-152712-1.jpg,8,4,0.9140455,4,0.83176097,4,0.9543684,3,Negative,Prickly acacia
20170705-162506-0.jpg,7,0,0.89447204,0,0.68317706,0,0.92918086,3,Snake weed,Chinee apple
20170207-153455-0.jpg,0,7,0.88514383,7,0.83933882,7,0.97046975,3,Chinee apple,Snake weed
20170728-152608-1.jpg,8,4,0.87648942,4,0.9537958,4,0.73026763,3,Negative,Prickly acacia
20170729-091822-2.jpg,8,4,0.87142102,4,0.9127851,4,0.98583004,3,Negative,Prickly acacia
20161207-111508-0.jpg,0,8,0.82053135,5,0.49786295,8,0.62958628,3,Chinee apple,Negative
20171205-134151-2.jpg,8,0,0.79365169,0,0.67611136,0,0.42969423,3,Negative,Chinee apple
20170207-154046-0.jpg,0,7,0.71735878,7,0.46614299,7,0.63834555,3,Chinee apple,Snake weed
20170727-111533-3.jpg,4,2,0.71084261,2,0.84833974,2,0.68317159,3,Prickly acacia,Parkinsonia
20171102-100322-1.jpg,8,4,0.6681517,4,0.52335907,4,0.81239796,3,Negative,Prickly acacia
20170906-130826-1.jpg,3,4,0.6016425,2,0.77554936,4,0.54200342,3,Parthenium,Prickly acacia
20170728-152828-1.jpg,8,4,0.59902317,4,0.86713458,2,0.54234483,3,Negative,Prickly acacia
20171102-123002-2.jpg,2,0,0.58955996,0,0.59731552,0,0.70979349,3,Parkinsonia,Chinee apple
20170707-111904-0.jpg,0,7,0.55400688,7,0.34223409,7,0.51669548,3,Chinee apple,Snake weed
20170906-132157-1.jpg,3,2,0.53225555,2,0.50391147,2,0.94419267,3,Parthenium,Parkinsonia
20170627-105314-0.jpg,0,8,0.5306667,3,0.4724168,8,0.56033926,3,Chinee apple,Negative
20170920-134648-2.jpg,2,4,0.52396556,4,0.57338036,4,0.50335099,3,Parkinsonia,Prickly acacia
20171205-144647-2.jpg,8,5,0.52179019,5,0.7555095,5,0.82807156,3,Negative,Rubber vine
20170811-133725-1.jpg,0,8,0.51479551,8,0.54208461,8,0.60878181,3,Chinee apple,Negative
20180119-111316-2.jpg,8,1,0.50466528,1,0.81787888,1,0.62380642,3,Negative,Lantana
20170714-110825-1.jpg,1,8,0.49327781,8,0.49703938,8,0.60634651,3,Lantana,Negative
20170705-162907-0.jpg,0,7,0.45033499,7,0.48073562,7,0.48904638,3,Chinee apple,Snake weed
20170704-153756-0.jpg,7,8,0.39453321,8,0.87022087,8,0.48062084,3,Snake weed,Negative
20171102-095843-1.jpg,4,2,0.97784325,2,0.95113462,4,0.70189987,2,Prickly acacia,Parkinsonia
20171113-150301-1.jpg,6,8,0.967614,8,0.88179259,6,0.56752233,2,Siam weed,Negative
20170804-132513-1.jpg,1,8,0.91883409,8,0.44170248,1,0.66318391,2,Lantana,Negative
20170711-113229-0.jpg,0,8,0.89194788,0,0.62655644,8,0.9362875,2,Chinee apple,Negative
20171113-093432-1.jpg,5,5,0.88438964,8,0.98265863,8,0.80790905,2,Rubber vine,Rubber vine
20171102-103146-2.jpg,2,8,0.86869099,8,0.52425099,2,0.50089037,2,Parkinsonia,Negative
20171217-183729-2.jpg,8,4,0.85615799,8,0.94220253,4,0.75176561,2,Negative,Prickly acacia
20171113-135825-1.jpg,6,8,0.84330169,6,0.41111959,8,0.48852843,2,Siam weed,Negative
20170405-160251-0.jpg,0,0,0.79553467,7,0.50878725,7,0.65491537,2,Chinee apple,Chinee apple
20171102-093339-2.jpg,4,8,0.77965932,4,0.68833467,8,0.49138914,2,Prickly acacia,Negative
20170521-153505-0.jpg,1,7,0.77741996,1,0.50748858,7,0.61510667,2,Lantana,Snake weed
20170207-153439-0.jpg,0,0,0.76413538,7,0.61774431,7,0.89491416,2,Chinee apple,Chinee apple
20171218-115348-3.jpg,8,5,0.74276388,8,0.97679819,5,0.76955403,2,Negative,Rubber vine
20170210-141430-0.jpg,7,1,0.74110765,1,0.7847715,7,0.76131136,2,Snake weed,Lantana
20170718-131902-2.jpg,7,3,0.73750489,7,0.59457597,8,0.30192107,2,Snake weed,Parthenium
20170630-153511-0.jpg,8,1,0.73263878,1,0.57987937,8,0.51923646,2,Negative,Lantana
20170728-152926-3.jpg,8,4,0.69045921,8,0.84987795,4,0.819142,2,Negative,Prickly acacia
20171102-093342-3.jpg,4,4,0.66835851,3,0.41833139,8,0.50578616,2,Prickly acacia,Prickly acacia
20180109-094515-2.jpg,7,8,0.60949359,8,0.47909457,7,0.61034331,2,Snake weed,Negative
20170906-130537-1.jpg,3,4,0.59530555,3,0.72582629,4,0.41535929,2,Parthenium,Prickly acacia
20171220-091052-2.jpg,8,5,0.53611939,5,0.75191017,8,0.72783866,2,Negative,Rubber vine
20170704-153719-0.jpg,0,8,0.52439099,8,0.43239394,0,0.78355661,2,Chinee apple,Negative
20170913-110258-1.jpg,3,4,0.44370718,4,0.62010039,3,0.57315836,2,Parthenium,Prickly acacia
20171122-095514-1.jpg,5,5,0.99756811,8,0.59153959,5,0.99324449,1,Rubber vine,Rubber vine
20170129-103735-0.jpg,8,8,0.99673771,8,0.98560407,1,0.53384079,1,Negative,Negative
20171122-102106-1.jpg,5,5,0.99468638,8,0.73845304,5,0.80647652,1,Rubber vine,Rubber vine
20170811-134026-1.jpg,0,0,0.99405113,0,0.90882037,8,0.70443594,1,Chinee apple,Chinee apple
20170130-102233-0.jpg,1,1,0.99287643,1,0.9976201,8,0.66410492,1,Lantana,Lantana
20170126-095233-0.jpg,1,1,0.99145907,1,0.52403753,6,0.705209,1,Lantana,Lantana
20171219-114325-3.jpg,8,8,0.99104468,2,0.80312048,8,0.50883749,1,Negative,Negative
20171219-113328-3.jpg,8,8,0.99095081,3,0.71676417,8,0.96232739,1,Negative,Negative
20170906-112409-1.jpg,3,3,0.98999866,3,0.98089033,0,0.53513536,1,Parthenium,Parthenium
20170130-102525-0.jpg,1,1,0.98717996,1,0.70681942,8,0.51224915,1,Lantana,Lantana
20170128-102632-0.jpg,8,8,0.9871798,8,0.76361417,1,0.63953718,1,Negative,Negative
20170705-165136-0.jpg,7,7,0.98703007,7,0.97793252,8,0.74380405,1,Snake weed,Snake weed
20170913-122058-3.jpg,3,3,0.96802396,3,0.95838402,8,0.5202258,1,Parthenium,Parthenium
20170210-133739-0.jpg,0,0,0.96225526,0,0.96148158,7,0.67027004,1,Chinee apple,Chinee apple
20170126-100451-0.jpg,1,8,0.96050612,1,0.61090917,1,0.77786526,1,Lantana,Negative
20170210-150618-0.jpg,0,0,0.95985424,7,0.5279615,0,0.56173691,1,Chinee apple,Chinee apple
20171220-092008-2.jpg,8,8,0.95940705,8,0.59357951,5,0.46724778,1,Negative,Negative
20180109-075356-2.jpg,8,8,0.94126159,6,0.81555492,8,0.97189192,1,Negative,Negative
20170217-145646-0.jpg,0,0,0.93632867,0,0.82670864,7,0.86324615,1,Chinee apple,Chinee apple
20170727-151447-1.jpg,4,4,0.92461049,8,0.61878177,4,0.84430972,1,Prickly acacia,Prickly acacia
20171121-072239-1.jpg,6,6,0.92078267,6,0.91745704,8,0.51053529,1,Siam weed,Siam weed
20180109-071546-1.jpg,8,8,0.89438811,6,0.61635386,8,0.97302961,1,Negative,Negative
20170728-153235-3.jpg,8,8,0.86125128,8,0.89571225,4,0.70330462,1,Negative,Negative
20171113-133044-3.jpg,6,6,0.8525226,6,0.91196385,8,0.50443464,1,Siam weed,Siam weed
20170920-131101-2.jpg,2,2,0.83754899,8,0.57134709,2,0.89981199,1,Parkinsonia,Parkinsonia
20170207-141520-0.jpg,7,1,0.83501352,7,0.7297501,7,0.83502916,1,Snake weed,Lantana
20171102-100725-2.jpg,4,4,0.82550593,4,0.60251297,8,0.64613852,1,Prickly acacia,Prickly acacia
20171220-091952-2.jpg,8,8,0.76301164,8,0.48023346,1,0.43055014,1,Negative,Negative
20171113-093641-3.jpg,5,5,0.75430046,5,0.45224971,7,0.48488086,1,Rubber vine,Rubber vine
20170711-113440-0.jpg,7,8,0.72006839,7,0.58081327,7,0.46592267,1,Snake weed,Negative
20170727-143021-1.jpg,4,4,0.71712419,4,0.77351239,2,0.59636592,1,Prickly acacia,Prickly acacia
20170127-101650-0.jpg,1,8,0.68081028,1,0.96690263,1,0.9980312,1,Lantana,Negative
20171201-120803-1.jpg,8,8,0.66962305,5,0.65082603,8,0.62316473,1,Negative,Negative
20170718-101808-2.jpg,0,5,0.65613443,0,0.8451798,0,0.94282944,1,Chinee apple,Rubber vine
20170727-154701-1.jpg,4,4,0.64517998,8,0.55151236,4,0.68316625,1,Prickly acacia,Prickly acacia
20170727-134721-1.jpg,4,4,0.63620064,8,0.60577922,4,0.62675026,1,Prickly acacia,Prickly acacia
20170920-110749-2.jpg,4,4,0.62669818,3,0.61092748,4,0.55799511,1,Prickly acacia,Prickly acacia
20171113-101809-1.jpg,5,8,0.58995631,5,0.51447124,5,0.62110248,1,Rubber vine,Negative
20170410-124336-0.jpg,0,7,0.56698367,0,0.60346881,0,0.62148982,1,Chinee apple,Snake weed
20180109-075247-2.jpg,8,6,0.54469844,8,0.94084675,8,0.93706712,1,Negative,Siam weed
20170718-101313-2.jpg,0,7,0.53554897,0,0.67725319,0,0.74563788,1,Chinee apple,Snake weed
20170130-102736-0.jpg,1,8,0.5302338,1,0.63013309,1,0.73480968,1,Lantana,Negative
20170217-113636-0.jpg,0,0,0.51330028,8,0.60478148,0,0.87790674,1,Chinee apple,Chinee apple
20170126-100242-0.jpg,1,8,0.51228642,1,0.99747832,1,0.90223274,1,Lantana,Negative
20171025-074720-3.jpg,7,7,0.5065361,7,0.96113061,1,0.9253844,1,Snake weed,Snake weed
20170706-113440-0.jpg,7,8,0.50441413,7,0.88514819,7,0.90229032,1,Snake weed,Negative
20170728-152836-2.jpg,4,4,0.50335549,8,0.58604663,4,0.73026071,1,Prickly acacia,Prickly acacia
20170705-160734-0.jpg,7,8,0.47675815,7,0.81295465,7,0.49288046,1,Snake weed,Negative
20170906-110707-1.jpg,3,3,0.4670089,3,0.92919063,4,0.78775686,1,Parthenium,Parthenium
20170707-111523-0.jpg,7,8,0.37406457,7,0.66465632,7,0.44749341,1,Snake weed,Negative
